Start time, end time, search string, time_taken on elasticserver, results
08:31:03 ,  09:00:16 ,  kalo*   1752593 ,  {'took': 1752593, 'timed_out': False, '_shards': {'total': 40, 'successful': 40, 'skipped': 0, 'failed': 0}, 'hits': {'total': {'value': 0, 'relation': 'eq'}, 'max_score': None, 'hits': []}}
08:31:03 ,  09:00:16 ,  pta*   1752611 ,  {'took': 1752611, 'timed_out': False, '_shards': {'total': 40, 'successful': 39, 'skipped': 0, 'failed': 1, 'failures': [{'shard': 0, 'index': 'cadets100', 'node': 'FDbB7BWyS0S_YZSPczd8fQ', 'reason': {'type': 'search_context_missing_exception', 'reason': 'No search context found for id [37184]'}}]}, 'hits': {'total': {'value': 464, 'relation': 'eq'}, 'max_score': 1.0, 'hits': []}}
08:31:03 ,  09:00:16 ,  sadad*   1752629 ,  {'took': 1752629, 'timed_out': False, '_shards': {'total': 40, 'successful': 40, 'skipped': 0, 'failed': 0}, 'hits': {'total': {'value': 0, 'relation': 'eq'}, 'max_score': None, 'hits': []}}
08:31:03 ,  09:00:16 ,  120.*ba*   1753420 ,  {'took': 1753420, 'timed_out': False, '_shards': {'total': 40, 'successful': 40, 'skipped': 0, 'failed': 0}, 'hits': {'total': {'value': 0, 'relation': 'eq'}, 'max_score': None, 'hits': []}}
08:31:03 ,  09:00:16 ,  *//nginx   1753448 ,  {'took': 1753448, 'timed_out': False, '_shards': {'total': 40, 'successful': 38, 'skipped': 0, 'failed': 2, 'failures': [{'shard': 0, 'index': 'cadets78', 'node': 'FDbB7BWyS0S_YZSPczd8fQ', 'reason': {'type': 'search_context_missing_exception', 'reason': 'No search context found for id [39669]'}}, {'shard': 0, 'index': 'cadets81', 'node': 'FDbB7BWyS0S_YZSPczd8fQ', 'reason': {'type': 'search_context_missing_exception', 'reason': 'No search context found for id [40472]'}}]}, 'hits': {'total': {'value': 10000, 'relation': 'gte'}, 'max_score': 12.962118, 'hits': []}}
08:31:03 ,  09:00:18 ,  78t78*   1755484 ,  {'took': 1755484, 'timed_out': False, '_shards': {'total': 40, 'successful': 40, 'skipped': 0, 'failed': 0}, 'hits': {'total': {'value': 0, 'relation': 'eq'}, 'max_score': None, 'hits': []}}
08:31:03 ,  09:00:20 ,  *//etc*   1756765 ,  {'took': 1756765, 'timed_out': False, '_shards': {'total': 40, 'successful': 39, 'skipped': 0, 'failed': 1, 'failures': [{'shard': 0, 'index': 'cadets100', 'node': 'FDbB7BWyS0S_YZSPczd8fQ', 'reason': {'type': 'search_context_missing_exception', 'reason': 'No search context found for id [37395]'}}]}, 'hits': {'total': {'value': 10000, 'relation': 'gte'}, 'max_score': 2.0, 'hits': []}}
08:31:03 ,  09:00:22 ,  c12*   1759163 ,  {'took': 1759163, 'timed_out': False, '_shards': {'total': 40, 'successful': 39, 'skipped': 0, 'failed': 1, 'failures': [{'shard': 0, 'index': 'cadets100', 'node': 'FDbB7BWyS0S_YZSPczd8fQ', 'reason': {'type': 'search_context_missing_exception', 'reason': 'No search context found for id [37409]'}}]}, 'hits': {'total': {'value': 10000, 'relation': 'gte'}, 'max_score': 1.0, 'hits': []}}
08:31:03 ,  09:00:22 ,  asd.*12e*   1758915 ,  {'took': 1758915, 'timed_out': False, '_shards': {'total': 40, 'successful': 40, 'skipped': 0, 'failed': 0}, 'hits': {'total': {'value': 0, 'relation': 'eq'}, 'max_score': None, 'hits': []}}
08:31:03 ,  09:00:22 ,  xc*msa*asd*   1758914 ,  {'took': 1758914, 'timed_out': False, '_shards': {'total': 40, 'successful': 40, 'skipped': 0, 'failed': 0}, 'hits': {'total': {'value': 0, 'relation': 'eq'}, 'max_score': None, 'hits': []}}
08:31:03 ,  09:00:28 ,  *dasdn*   1765427 ,  {'took': 1765427, 'timed_out': False, '_shards': {'total': 40, 'successful': 40, 'skipped': 0, 'failed': 0}, 'hits': {'total': {'value': 0, 'relation': 'eq'}, 'max_score': None, 'hits': []}}
08:31:03 ,  09:00:28 ,  *alm*st*g   1765305 ,  {'took': 1765305, 'timed_out': False, '_shards': {'total': 40, 'successful': 40, 'skipped': 0, 'failed': 0}, 'hits': {'total': {'value': 0, 'relation': 'eq'}, 'max_score': None, 'hits': []}}
08:31:03 ,  09:00:28 ,  *.21un*   1765305 ,  {'took': 1765305, 'timed_out': False, '_shards': {'total': 40, 'successful': 40, 'skipped': 0, 'failed': 0}, 'hits': {'total': {'value': 0, 'relation': 'eq'}, 'max_score': None, 'hits': []}}
08:31:03 ,  09:00:28 ,  *12.H*   1765369 ,  {'took': 1765369, 'timed_out': False, '_shards': {'total': 40, 'successful': 40, 'skipped': 0, 'failed': 0}, 'hits': {'total': {'value': 0, 'relation': 'eq'}, 'max_score': None, 'hits': []}}
08:31:03 ,  09:00:28 ,  *.50.s   1765305 ,  {'took': 1765305, 'timed_out': False, '_shards': {'total': 40, 'successful': 40, 'skipped': 0, 'failed': 0}, 'hits': {'total': {'value': 0, 'relation': 'eq'}, 'max_score': None, 'hits': []}}
08:31:03 ,  09:00:28 ,  *1*2*hello   1765361 ,  {'took': 1765361, 'timed_out': False, '_shards': {'total': 40, 'successful': 40, 'skipped': 0, 'failed': 0}, 'hits': {'total': {'value': 0, 'relation': 'eq'}, 'max_score': None, 'hits': []}}
08:31:03 ,  09:00:28 ,  *lolol*   1765347 ,  {'took': 1765347, 'timed_out': False, '_shards': {'total': 40, 'successful': 40, 'skipped': 0, 'failed': 0}, 'hits': {'total': {'value': 0, 'relation': 'eq'}, 'max_score': None, 'hits': []}}
08:31:03 ,  09:00:28 ,  *hog*   1765361 ,  {'took': 1765361, 'timed_out': False, '_shards': {'total': 40, 'successful': 39, 'skipped': 0, 'failed': 1, 'failures': [{'shard': 0, 'index': 'cadets100', 'node': 'FDbB7BWyS0S_YZSPczd8fQ', 'reason': {'type': 'search_context_missing_exception', 'reason': 'No search context found for id [37110]'}}]}, 'hits': {'total': {'value': 4205, 'relation': 'eq'}, 'max_score': 1.0, 'hits': []}}
08:31:03 ,  09:00:28 ,  *ola*   1765417 ,  {'took': 1765417, 'timed_out': False, '_shards': {'total': 40, 'successful': 39, 'skipped': 0, 'failed': 1, 'failures': [{'shard': 0, 'index': 'cadets100', 'node': 'FDbB7BWyS0S_YZSPczd8fQ', 'reason': {'type': 'search_context_missing_exception', 'reason': 'No search context found for id [37045]'}}]}, 'hits': {'total': {'value': 10000, 'relation': 'gte'}, 'max_score': 1.0, 'hits': []}}
08:31:03 ,  09:00:28 ,  *bas*   1765363 ,  {'took': 1765363, 'timed_out': False, '_shards': {'total': 40, 'successful': 39, 'skipped': 0, 'failed': 1, 'failures': [{'shard': 0, 'index': 'cadets100', 'node': 'FDbB7BWyS0S_YZSPczd8fQ', 'reason': {'type': 'search_context_missing_exception', 'reason': 'No search context found for id [37102]'}}]}, 'hits': {'total': {'value': 10000, 'relation': 'gte'}, 'max_score': 1.0, 'hits': []}}
08:31:03 ,  09:00:28 ,  *ab*dj*   1765435 ,  {'took': 1765435, 'timed_out': False, '_shards': {'total': 40, 'successful': 39, 'skipped': 0, 'failed': 1, 'failures': [{'shard': 0, 'index': 'cadets100', 'node': 'FDbB7BWyS0S_YZSPczd8fQ', 'reason': {'type': 'search_context_missing_exception', 'reason': 'No search context found for id [36915]'}}]}, 'hits': {'total': {'value': 395, 'relation': 'eq'}, 'max_score': 1.0, 'hits': []}}
08:31:03 ,  09:00:28 ,  *asd*   1765301 ,  {'took': 1765301, 'timed_out': False, '_shards': {'total': 40, 'successful': 39, 'skipped': 0, 'failed': 1, 'failures': [{'shard': 0, 'index': 'cadets100', 'node': 'FDbB7BWyS0S_YZSPczd8fQ', 'reason': {'type': 'search_context_missing_exception', 'reason': 'No search context found for id [37294]'}}]}, 'hits': {'total': {'value': 3721, 'relation': 'eq'}, 'max_score': 1.0, 'hits': []}}
08:31:03 ,  09:00:28 ,  python*   1765485 ,  {'took': 1765485, 'timed_out': False, '_shards': {'total': 40, 'successful': 39, 'skipped': 0, 'failed': 1, 'failures': [{'shard': 0, 'index': 'cadets100', 'node': 'FDbB7BWyS0S_YZSPczd8fQ', 'reason': {'type': 'search_context_missing_exception', 'reason': 'No search context found for id [35997]'}}]}, 'hits': {'total': {'value': 10000, 'relation': 'gte'}, 'max_score': 1.0, 'hits': []}}
08:31:03 ,  09:00:29 ,  *nott*ss   1765754 ,  {'took': 1765754, 'timed_out': False, '_shards': {'total': 40, 'successful': 40, 'skipped': 0, 'failed': 0}, 'hits': {'total': {'value': 0, 'relation': 'eq'}, 'max_score': None, 'hits': []}}
08:31:03 ,  09:00:30 ,  *asda*   1766677 ,  {'took': 1766677, 'timed_out': False, '_shards': {'total': 40, 'successful': 38, 'skipped': 0, 'failed': 2, 'failures': [{'shard': 0, 'index': 'cadets100', 'node': 'FDbB7BWyS0S_YZSPczd8fQ', 'reason': {'type': 'search_context_missing_exception', 'reason': 'No search context found for id [37373]'}}, {'shard': 0, 'index': 'cadets101', 'node': 'FDbB7BWyS0S_YZSPczd8fQ', 'reason': {'type': 'search_context_missing_exception', 'reason': 'No search context found for id [37374]'}}]}, 'hits': {'total': {'value': 475, 'relation': 'eq'}, 'max_score': 1.0, 'hits': []}}
08:31:03 ,  09:00:30 ,  dasd*   1767640 ,  {'took': 1767640, 'timed_out': False, '_shards': {'total': 40, 'successful': 40, 'skipped': 0, 'failed': 0}, 'hits': {'total': {'value': 0, 'relation': 'eq'}, 'max_score': None, 'hits': []}}
08:31:03 ,  09:00:30 ,  *.12.59   1767717 ,  {'took': 1767717, 'timed_out': False, '_shards': {'total': 40, 'successful': 38, 'skipped': 0, 'failed': 2, 'failures': [{'shard': 0, 'index': 'cadets105', 'node': 'FDbB7BWyS0S_YZSPczd8fQ', 'reason': {'type': 'search_context_missing_exception', 'reason': 'No search context found for id [37662]'}}, {'shard': 0, 'index': 'cadets90', 'node': 'FDbB7BWyS0S_YZSPczd8fQ', 'reason': {'type': 'search_context_missing_exception', 'reason': 'No search context found for id [41988]'}}]}, 'hits': {'total': {'value': 2, 'relation': 'eq'}, 'max_score': 1.0, 'hits': []}}
08:31:03 ,  09:00:30 ,  hell*   1767718 ,  {'took': 1767718, 'timed_out': False, '_shards': {'total': 40, 'successful': 39, 'skipped': 0, 'failed': 1, 'failures': [{'shard': 0, 'index': 'cadets100', 'node': 'FDbB7BWyS0S_YZSPczd8fQ', 'reason': {'type': 'search_context_missing_exception', 'reason': 'No search context found for id [36893]'}}]}, 'hits': {'total': {'value': 1380, 'relation': 'eq'}, 'max_score': 1.0, 'hits': []}}
08:31:03 ,  09:00:31 ,  *vsdds*   1767563 ,  {'took': 1767563, 'timed_out': False, '_shards': {'total': 40, 'successful': 40, 'skipped': 0, 'failed': 0}, 'hits': {'total': {'value': 0, 'relation': 'eq'}, 'max_score': None, 'hits': []}}
08:31:03 ,  09:00:31 ,  *passwd*   1768057 ,  {'took': 1768057, 'timed_out': False, '_shards': {'total': 40, 'successful': 39, 'skipped': 0, 'failed': 1, 'failures': [{'shard': 0, 'index': 'cadets100', 'node': 'FDbB7BWyS0S_YZSPczd8fQ', 'reason': {'type': 'search_context_missing_exception', 'reason': 'No search context found for id [37425]'}}]}, 'hits': {'total': {'value': 10000, 'relation': 'gte'}, 'max_score': 1.0, 'hits': []}}
08:31:03 ,  09:00:31 ,  192*   1768226 ,  {'took': 1768226, 'timed_out': False, '_shards': {'total': 40, 'successful': 39, 'skipped': 0, 'failed': 1, 'failures': [{'shard': 0, 'index': 'cadets100', 'node': 'FDbB7BWyS0S_YZSPczd8fQ', 'reason': {'type': 'search_context_missing_exception', 'reason': 'No search context found for id [37055]'}}]}, 'hits': {'total': {'value': 10000, 'relation': 'gte'}, 'max_score': 1.0, 'hits': []}}
08:31:03 ,  09:00:33 ,  cadets*   1770053 ,  {'took': 1770053, 'timed_out': False, '_shards': {'total': 40, 'successful': 39, 'skipped': 0, 'failed': 1, 'failures': [{'shard': 0, 'index': 'cadets100', 'node': 'FDbB7BWyS0S_YZSPczd8fQ', 'reason': {'type': 'search_context_missing_exception', 'reason': 'No search context found for id [37065]'}}]}, 'hits': {'total': {'value': 10000, 'relation': 'gte'}, 'max_score': 1.0, 'hits': []}}
08:31:03 ,  09:00:33 ,  net*chup*   1769985 ,  {'took': 1769985, 'timed_out': False, '_shards': {'total': 40, 'successful': 40, 'skipped': 0, 'failed': 0}, 'hits': {'total': {'value': 0, 'relation': 'eq'}, 'max_score': None, 'hits': []}}
08:31:03 ,  09:00:33 ,  *cs*ss*   1769454 ,  {'took': 1769454, 'timed_out': False, '_shards': {'total': 40, 'successful': 39, 'skipped': 0, 'failed': 1, 'failures': [{'shard': 0, 'index': 'cadets100', 'node': 'FDbB7BWyS0S_YZSPczd8fQ', 'reason': {'type': 'search_context_missing_exception', 'reason': 'No search context found for id [37575]'}}]}, 'hits': {'total': {'value': 10000, 'relation': 'gte'}, 'max_score': 1.0, 'hits': []}}
08:31:03 ,  09:00:33 ,  *.xx.59   1770120 ,  {'took': 1770120, 'timed_out': False, '_shards': {'total': 40, 'successful': 40, 'skipped': 0, 'failed': 0}, 'hits': {'total': {'value': 0, 'relation': 'eq'}, 'max_score': None, 'hits': []}}
08:31:03 ,  09:00:33 ,  *heasj*   1770040 ,  {'took': 1770040, 'timed_out': False, '_shards': {'total': 40, 'successful': 40, 'skipped': 0, 'failed': 0}, 'hits': {'total': {'value': 0, 'relation': 'eq'}, 'max_score': None, 'hits': []}}
08:31:03 ,  09:00:33 ,  remo*add*naop*   1769984 ,  {'took': 1769984, 'timed_out': False, '_shards': {'total': 40, 'successful': 40, 'skipped': 0, 'failed': 0}, 'hits': {'total': {'value': 0, 'relation': 'eq'}, 'max_score': None, 'hits': []}}
08:31:03 ,  09:00:33 ,  chaios*   1769957 ,  {'took': 1769957, 'timed_out': False, '_shards': {'total': 40, 'successful': 40, 'skipped': 0, 'failed': 0}, 'hits': {'total': {'value': 0, 'relation': 'eq'}, 'max_score': None, 'hits': []}}
08:31:03 ,  09:00:33 ,  *malware*   1770460 ,  {'took': 1770460, 'timed_out': False, '_shards': {'total': 40, 'successful': 40, 'skipped': 0, 'failed': 0}, 'hits': {'total': {'value': 0, 'relation': 'eq'}, 'max_score': None, 'hits': []}}
08:31:03 ,  09:00:33 ,  *hasjd*   1770409 ,  {'took': 1770409, 'timed_out': False, '_shards': {'total': 40, 'successful': 39, 'skipped': 0, 'failed': 1, 'failures': [{'shard': 0, 'index': 'cadets102', 'node': 'FDbB7BWyS0S_YZSPczd8fQ', 'reason': {'type': 'search_context_missing_exception', 'reason': 'No search context found for id [37146]'}}]}, 'hits': {'total': {'value': 1, 'relation': 'eq'}, 'max_score': 1.0, 'hits': []}}
08:31:03 ,  09:00:33 ,  *approv*ed   1770398 ,  {'took': 1770398, 'timed_out': False, '_shards': {'total': 40, 'successful': 40, 'skipped': 0, 'failed': 0}, 'hits': {'total': {'value': 0, 'relation': 'eq'}, 'max_score': None, 'hits': []}}
08:31:03 ,  09:00:33 ,  *chrome*   1770539 ,  {'took': 1770539, 'timed_out': False, '_shards': {'total': 40, 'successful': 39, 'skipped': 0, 'failed': 1, 'failures': [{'shard': 0, 'index': 'cadets100', 'node': 'FDbB7BWyS0S_YZSPczd8fQ', 'reason': {'type': 'search_context_missing_exception', 'reason': 'No search context found for id [36001]'}}]}, 'hits': {'total': {'value': 749, 'relation': 'eq'}, 'max_score': 1.0, 'hits': []}}
08:31:03 ,  09:00:33 ,  cadetsdsd*   1770462 ,  {'took': 1770462, 'timed_out': False, '_shards': {'total': 40, 'successful': 40, 'skipped': 0, 'failed': 0}, 'hits': {'total': {'value': 0, 'relation': 'eq'}, 'max_score': None, 'hits': []}}
08:31:03 ,  09:00:34 ,  *macho*   1770807 ,  {'took': 1770807, 'timed_out': False, '_shards': {'total': 40, 'successful': 39, 'skipped': 0, 'failed': 1, 'failures': [{'shard': 0, 'index': 'cadets100', 'node': 'FDbB7BWyS0S_YZSPczd8fQ', 'reason': {'type': 'search_context_missing_exception', 'reason': 'No search context found for id [37025]'}}]}, 'hits': {'total': {'value': 2421, 'relation': 'eq'}, 'max_score': 1.0, 'hits': []}}
08:31:03 ,  09:00:34 ,  dg3*   1770612 ,  {'took': 1770612, 'timed_out': False, '_shards': {'total': 40, 'successful': 40, 'skipped': 0, 'failed': 0}, 'hits': {'total': {'value': 0, 'relation': 'eq'}, 'max_score': None, 'hits': []}}
08:31:03 ,  09:00:34 ,  *ngin*   1770825 ,  {'took': 1770825, 'timed_out': False, '_shards': {'total': 40, 'successful': 39, 'skipped': 0, 'failed': 1, 'failures': [{'shard': 0, 'index': 'cadets100', 'node': 'FDbB7BWyS0S_YZSPczd8fQ', 'reason': {'type': 'search_context_missing_exception', 'reason': 'No search context found for id [36905]'}}]}, 'hits': {'total': {'value': 10000, 'relation': 'gte'}, 'max_score': 1.0, 'hits': []}}
08:31:03 ,  09:00:34 ,  *help*nhi   1770704 ,  {'took': 1770704, 'timed_out': False, '_shards': {'total': 40, 'successful': 40, 'skipped': 0, 'failed': 0}, 'hits': {'total': {'value': 0, 'relation': 'eq'}, 'max_score': None, 'hits': []}}
08:31:03 ,  09:00:34 ,  *//not   1770620 ,  {'took': 1770620, 'timed_out': False, '_shards': {'total': 40, 'successful': 36, 'skipped': 0, 'failed': 4, 'failures': [{'shard': 0, 'index': 'cadets100', 'node': 'FDbB7BWyS0S_YZSPczd8fQ', 'reason': {'type': 'search_context_missing_exception', 'reason': 'No search context found for id [37448]'}}, {'shard': 0, 'index': 'cadets109', 'node': 'FDbB7BWyS0S_YZSPczd8fQ', 'reason': {'type': 'search_context_missing_exception', 'reason': 'No search context found for id [38278]'}}, {'shard': 0, 'index': 'cadets110', 'node': 'FDbB7BWyS0S_YZSPczd8fQ', 'reason': {'type': 'search_context_missing_exception', 'reason': 'No search context found for id [39146]'}}, {'shard': 0, 'index': 'cadets111', 'node': 'FDbB7BWyS0S_YZSPczd8fQ', 'reason': {'type': 'search_context_missing_exception', 'reason': 'No search context found for id [39147]'}}]}, 'hits': {'total': {'value': 10000, 'relation': 'gte'}, 'max_score': 15.053087, 'hits': []}}
08:31:03 ,  09:00:34 ,  cord*12as*   1770183 ,  {'took': 1770183, 'timed_out': False, '_shards': {'total': 40, 'successful': 40, 'skipped': 0, 'failed': 0}, 'hits': {'total': {'value': 0, 'relation': 'eq'}, 'max_score': None, 'hits': []}}
08:31:03 ,  09:00:34 ,  *rand*   1770733 ,  {'took': 1770733, 'timed_out': False, '_shards': {'total': 40, 'successful': 39, 'skipped': 0, 'failed': 1, 'failures': [{'shard': 0, 'index': 'cadets100', 'node': 'FDbB7BWyS0S_YZSPczd8fQ', 'reason': {'type': 'search_context_missing_exception', 'reason': 'No search context found for id [37130]'}}]}, 'hits': {'total': {'value': 10000, 'relation': 'gte'}, 'max_score': 1.0, 'hits': []}}
08:31:03 ,  09:00:34 ,  *collg*   1770765 ,  {'took': 1770765, 'timed_out': False, '_shards': {'total': 40, 'successful': 38, 'skipped': 0, 'failed': 2, 'failures': [{'shard': 0, 'index': 'cadets111', 'node': 'FDbB7BWyS0S_YZSPczd8fQ', 'reason': {'type': 'search_context_missing_exception', 'reason': 'No search context found for id [38737]'}}, {'shard': 0, 'index': 'cadets83', 'node': 'FDbB7BWyS0S_YZSPczd8fQ', 'reason': {'type': 'search_context_missing_exception', 'reason': 'No search context found for id [40546]'}}]}, 'hits': {'total': {'value': 3, 'relation': 'eq'}, 'max_score': 1.0, 'hits': []}}
08:31:03 ,  09:00:34 ,  mxa*ad*   1770183 ,  {'took': 1770183, 'timed_out': False, '_shards': {'total': 40, 'successful': 40, 'skipped': 0, 'failed': 0}, 'hits': {'total': {'value': 0, 'relation': 'eq'}, 'max_score': None, 'hits': []}}
08:31:03 ,  09:00:34 ,  as*   1770181 ,  {'took': 1770181, 'timed_out': False, '_shards': {'total': 40, 'successful': 39, 'skipped': 0, 'failed': 1, 'failures': [{'shard': 0, 'index': 'cadets100', 'node': 'FDbB7BWyS0S_YZSPczd8fQ', 'reason': {'type': 'search_context_missing_exception', 'reason': 'No search context found for id [37576]'}}]}, 'hits': {'total': {'value': 10000, 'relation': 'gte'}, 'max_score': 1.0, 'hits': []}}
08:31:03 ,  09:00:34 ,  *.12.*.a*   1770728 ,  {'took': 1770728, 'timed_out': False, '_shards': {'total': 40, 'successful': 40, 'skipped': 0, 'failed': 0}, 'hits': {'total': {'value': 0, 'relation': 'eq'}, 'max_score': None, 'hits': []}}
08:31:03 ,  09:00:34 ,  *7&*8aa*   1770731 ,  {'took': 1770731, 'timed_out': False, '_shards': {'total': 40, 'successful': 40, 'skipped': 0, 'failed': 0}, 'hits': {'total': {'value': 0, 'relation': 'eq'}, 'max_score': None, 'hits': []}}
08:31:03 ,  09:00:34 ,  *happ   1770682 ,  {'took': 1770682, 'timed_out': False, '_shards': {'total': 40, 'successful': 38, 'skipped': 0, 'failed': 2, 'failures': [{'shard': 0, 'index': 'cadets108', 'node': 'FDbB7BWyS0S_YZSPczd8fQ', 'reason': {'type': 'search_context_missing_exception', 'reason': 'No search context found for id [38159]'}}, {'shard': 0, 'index': 'cadets84', 'node': 'FDbB7BWyS0S_YZSPczd8fQ', 'reason': {'type': 'search_context_missing_exception', 'reason': 'No search context found for id [40771]'}}]}, 'hits': {'total': {'value': 4, 'relation': 'eq'}, 'max_score': 1.0, 'hits': []}}
08:31:03 ,  09:00:34 ,  *jsad*   1770729 ,  {'took': 1770729, 'timed_out': False, '_shards': {'total': 40, 'successful': 36, 'skipped': 0, 'failed': 4, 'failures': [{'shard': 0, 'index': 'cadets101', 'node': 'FDbB7BWyS0S_YZSPczd8fQ', 'reason': {'type': 'search_context_missing_exception', 'reason': 'No search context found for id [37175]'}}, {'shard': 0, 'index': 'cadets105', 'node': 'FDbB7BWyS0S_YZSPczd8fQ', 'reason': {'type': 'search_context_missing_exception', 'reason': 'No search context found for id [38021]'}}, {'shard': 0, 'index': 'cadets107', 'node': 'FDbB7BWyS0S_YZSPczd8fQ', 'reason': {'type': 'search_context_missing_exception', 'reason': 'No search context found for id [38030]'}}, {'shard': 0, 'index': 'cadets110', 'node': 'FDbB7BWyS0S_YZSPczd8fQ', 'reason': {'type': 'search_context_missing_exception', 'reason': 'No search context found for id [38958]'}}]}, 'hits': {'total': {'value': 26, 'relation': 'eq'}, 'max_score': 1.0, 'hits': []}}
08:31:03 ,  09:00:34 ,  *pl*se*h*   1770697 ,  {'took': 1770697, 'timed_out': False, '_shards': {'total': 40, 'successful': 39, 'skipped': 0, 'failed': 1, 'failures': [{'shard': 0, 'index': 'cadets100', 'node': 'FDbB7BWyS0S_YZSPczd8fQ', 'reason': {'type': 'search_context_missing_exception', 'reason': 'No search context found for id [37244]'}}]}, 'hits': {'total': {'value': 5264, 'relation': 'eq'}, 'max_score': 1.0, 'hits': []}}
08:31:03 ,  09:00:34 ,  *elevate*   1770802 ,  {'took': 1770802, 'timed_out': False, '_shards': {'total': 40, 'successful': 39, 'skipped': 0, 'failed': 1, 'failures': [{'shard': 0, 'index': 'cadets100', 'node': 'FDbB7BWyS0S_YZSPczd8fQ', 'reason': {'type': 'search_context_missing_exception', 'reason': 'No search context found for id [37033]'}}]}, 'hits': {'total': {'value': 702, 'relation': 'eq'}, 'max_score': 1.0, 'hits': []}}
08:31:03 ,  09:00:34 ,  *record*noaho*   1770720 ,  {'took': 1770720, 'timed_out': False, '_shards': {'total': 40, 'successful': 40, 'skipped': 0, 'failed': 0}, 'hits': {'total': {'value': 0, 'relation': 'eq'}, 'max_score': None, 'hits': []}}
08:31:03 ,  09:00:34 ,  *.yy.77*   1770694 ,  {'took': 1770694, 'timed_out': False, '_shards': {'total': 40, 'successful': 40, 'skipped': 0, 'failed': 0}, 'hits': {'total': {'value': 0, 'relation': 'eq'}, 'max_score': None, 'hits': []}}
08:31:03 ,  09:00:34 ,  *tho*718*   1770697 ,  {'took': 1770697, 'timed_out': False, '_shards': {'total': 40, 'successful': 40, 'skipped': 0, 'failed': 0}, 'hits': {'total': {'value': 0, 'relation': 'eq'}, 'max_score': None, 'hits': []}}
08:31:03 ,  09:00:34 ,  *1*2*etc   1770639 ,  {'took': 1770639, 'timed_out': False, '_shards': {'total': 40, 'successful': 40, 'skipped': 0, 'failed': 0}, 'hits': {'total': {'value': 0, 'relation': 'eq'}, 'max_score': None, 'hits': []}}
08:31:03 ,  09:00:34 ,  *non*   1770729 ,  {'took': 1770729, 'timed_out': False, '_shards': {'total': 40, 'successful': 39, 'skipped': 0, 'failed': 1, 'failures': [{'shard': 0, 'index': 'cadets100', 'node': 'FDbB7BWyS0S_YZSPczd8fQ', 'reason': {'type': 'search_context_missing_exception', 'reason': 'No search context found for id [37179]'}}]}, 'hits': {'total': {'value': 10000, 'relation': 'gte'}, 'max_score': 1.0, 'hits': []}}
08:31:03 ,  09:00:34 ,  *asnd*   1770684 ,  {'took': 1770684, 'timed_out': False, '_shards': {'total': 40, 'successful': 39, 'skipped': 0, 'failed': 1, 'failures': [{'shard': 0, 'index': 'cadets112', 'node': 'FDbB7BWyS0S_YZSPczd8fQ', 'reason': {'type': 'search_context_missing_exception', 'reason': 'No search context found for id [39114]'}}]}, 'hits': {'total': {'value': 2, 'relation': 'eq'}, 'max_score': 1.0, 'hits': []}}
08:31:03 ,  09:00:34 ,  *dasd*   1770949 ,  '_index': 'cadets92', '_id': 'GAyFlIQBYB-zs9oxTa71', '_score': 1.0, '_ignored': ['event.original.keyword'], '_source': {'@timestamp': '2019-05-15T22:59:57.442Z', 'log': {'file': {'path': '/home/darpa-tc5/Desktop/Json_data/92/ta1-cadets-1-e5-official-2.bin.92_1.json'}}, '@version': '1', 'message': {'CDMVersion': '20', 'sessionNumber': 0, 'source': 'SOURCE_FREEBSD_DTRACE_CADETS', 'hostId': 'A3702F4C-5A0C-11E9-B8B9-D4AE52C1DBD3',{'took': 1770949, 'timed_out': False, '_shards': {'total': 40, 'successful': 36, 'skipped': 0, 'failed': 4, 'failures': [{'shard': 0, 'index': 'cadets108', 'node': 'FDbB7BWyS0S_YZSPczd8fQ', 'reason': {'type': 'search_context_missing_exception', 'reason': 'No search context found for id [37805]'}}, {'shard': 0, 'index': 'cadets113', 'node': 'FDbB7BWyS0S_YZSPczd8fQ', 'reason': {'type': 'search_context_missing_exception', 'reason': 'No search context found for id [38766]'}}, {'shard': 0, 'index': 'cadets75', 'node': 'FDbB7BWyS0S_YZSPczd8fQ', 'reason': {'type': 'search_context_missing_exception', 'reason': 'No search context found for id [39377]'}}, {'shard': 0, 'index': 'cadets79', 'node': 'FDbB7BWyS0S_YZSPczd8fQ', 'reason': {'type': 'search_context_missing_exception', 'reason': 'No search context found for id [39784]'}}]}, 'hits': {'total': {'value': 10, 'relation': 'eq'}, 'max_score': 1.0, 'hits': [{'_index': 'cadets92', '_id': 'PQyFlIQBYB-zs9oxTa79', '_score': 1.0, '_ignored': ['event.original.keyword'], '_source': {'@timestamp': '2019-05-15T22:59:57.442Z', 'log': {'file': {'path': '/home/darpa-tc5/Desktop/Json_data/92/ta1-cadets-1-e5-official-2.bin.92_1.json'}}, '@version': '1', 'message': {'CDMVersion': '20', 'sessionNumber': 0, 'source': 'SOURCE_FREEBSD_DTRACE_CADETS', 'hostId': 'A3702F4C-5A0C-11E9-B8B9-D4AE52C1DBD3', 'type': 'RECORD_EVENT', 'datum': {'com.bbn.tc.schema.avro.cdm20.Event': {'uuid': '7F6CEE13-8587-4C6E-A024-1F6E4AE741CF', 'location': None, 'predicateObject': {'com.bbn.tc.schema.avro.cdm20.UUID': '3F055A53-7D02-A75E-827D-D7958EA780E3'}, 'predicateObject2': None, 'timestampNanos': '1557961197442', 'sequence': {'long': 274957498}, 'type': 'EVENT_UNLINK', 'predicateObject2Path': None, 'programPoint': None, 'size': None, 'properties': {'map': {'exec': 'make', 'host': 'a3702f4c-5a0c-11e9-b8b9-d4ae52c1dbd3', 'return_value': '0', 'ppid': '47440'}}, 'threadId': {'int': 101203}, 'predicateObjectPath': {'string': '/tmp//makeAdaSdI'}, 'subject': {'com.bbn.tc.schema.avro.cdm20.UUID': '21C30278-7765-11E9-A28B-D4AE52C1DBD3'}, 'parameters': {'array': []}, 'names': {'array': ['aue_unlink']}}}}, 'event': {'original': '{"datum":{"com.bbn.tc.schema.avro.cdm20.Event":{"uuid":"7F6CEE13-8587-4C6E-A024-1F6E4AE741CF","sequence":{"long":274957498},"type":"EVENT_UNLINK","threadId":{"int":101203},"subject":{"com.bbn.tc.schema.avro.cdm20.UUID":"21C30278-7765-11E9-A28B-D4AE52C1DBD3"},"predicateObject":{"com.bbn.tc.schema.avro.cdm20.UUID":"3F055A53-7D02-A75E-827D-D7958EA780E3"},"predicateObjectPath":{"string":"/tmp//makeAdaSdI"},"predicateObject2":null,"predicateObject2Path":null,"timestampNanos":1557961197442123733,"names":{"array":["aue_unlink"]},"parameters":{"array":[]},"location":null,"size":null,"programPoint":null,"properties":{"map":{"host":"a3702f4c-5a0c-11e9-b8b9-d4ae52c1dbd3","return_value":"0","exec":"make","ppid":"47440"}}}},"CDMVersion":"20","type":"RECORD_EVENT","hostId":"A3702F4C-5A0C-11E9-B8B9-D4AE52C1DBD3","sessionNumber":0,"source":"SOURCE_FREEBSD_DTRACE_CADETS"}'}, 'host': {'name': 'darpatc5-Standard-PC-Q35-ICH9-2009'}}}, {'_index': 'cadets92', '_id': 'GAyFlIQBYB-zs9oxTa71', '_score': 1.0, '_ignored': ['event.original.keyword'], '_source': {'@timestamp': '2019-05-15T22:59:57.442Z', 'log': {'file': {'path': '/home/darpa-tc5/Desktop/Json_data/92/ta1-cadets-1-e5-official-2.bin.92_1.json'}}, '@version': '1', 'message': {'CDMVersion': '20', 'sessionNumber': 0, 'source': 'SOURCE_FREEBSD_DTRACE_CADETS', 'hostId': 'A3702F4C-5A0C-11E9-B8B9-D4AE52C1DBD3', 'type': 'RECORD_EVENT', 'datum': {'com.bbn.tc.schema.avro.cdm20.Event': {'uuid': '6427026E-5582-4BB2-A80B-0078633FF4FF', 'location': None, 'predicateObject': {'com.bbn.tc.schema.avro.cdm20.UUID': '3F055A53-7D02-A75E-827D-D7958EA780E3'}, 'predicateObject2': None, 'timestampNanos': '1557961197442', 'sequence': {'long': 274957462}, 'type': 'EVENT_OPEN', 'predicateObject2Path': None, 'programPoint': None, 'size': None, 'properties': {'map': {'ret_fd1': '4', 'exec': 'make', 'host': 'a3702f4c-5a0c-11e9-b8b9-d4ae52c1dbd3', 'return_value': '4', 'ppid': '47440'}}, 'threadId': {'int': 101203}, 'predicateObjectPath': {'string': '/tmp//makeAdaSdI'}, 'subject': {'com.bbn.tc.schema.avro.cdm20.UUID': '21C30278-7765-11E9-A28B-D4AE52C1DBD3'}, 'parameters': {'array': [{'provenance': None, 'size': -1, 'name': {'string': 'flags'}, 'components': None, 'valueBytes': {'bytes': '0A02'}, 'runtimeDataType': None, 'isNull': False, 'type': 'VALUE_TYPE_CONTROL', 'tag': None, 'valueDataType': 'VALUE_DATA_TYPE_INT'}, {'provenance': None, 'size': -1, 'name': {'string': 'mode'}, 'components': None, 'valueBytes': {'bytes': '0180'}, 'runtimeDataType': None, 'isNull': False, 'type': 'VALUE_TYPE_CONTROL', 'tag': None, 'valueDataType': 'VALUE_DATA_TYPE_INT'}]}, 'names': {'array': ['aue_open_rwtc']}}}}, 'event': {'original': '{"datum":{"com.bbn.tc.schema.avro.cdm20.Event":{"uuid":"6427026E-5582-4BB2-A80B-0078633FF4FF","sequence":{"long":274957462},"type":"EVENT_OPEN","threadId":{"int":101203},"subject":{"com.bbn.tc.schema.avro.cdm20.UUID":"21C30278-7765-11E9-A28B-D4AE52C1DBD3"},"predicateObject":{"com.bbn.tc.schema.avro.cdm20.UUID":"3F055A53-7D02-A75E-827D-D7958EA780E3"},"predicateObjectPath":{"string":"/tmp//makeAdaSdI"},"predicateObject2":null,"predicateObject2Path":null,"timestampNanos":1557961197442123733,"names":{"array":["aue_open_rwtc"]},"parameters":{"array":[{"size":-1,"type":"VALUE_TYPE_CONTROL","valueDataType":"VALUE_DATA_TYPE_INT","isNull":false,"name":{"string":"flags"},"runtimeDataType":null,"valueBytes":{"bytes":"0A02"},"provenance":null,"tag":null,"components":null},{"size":-1,"type":"VALUE_TYPE_CONTROL","valueDataType":"VALUE_DATA_TYPE_INT","isNull":false,"name":{"string":"mode"},"runtimeDataType":null,"valueBytes":{"bytes":"0180"},"provenance":null,"tag":null,"components":null}]},"location":null,"size":null,"programPoint":null,"properties":{"map":{"host":"a3702f4c-5a0c-11e9-b8b9-d4ae52c1dbd3","ret_fd1":"4","return_value":"4","exec":"make","ppid":"47440"}}}},"CDMVersion":"20","type":"RECORD_EVENT","hostId":"A3702F4C-5A0C-11E9-B8B9-D4AE52C1DBD3","sessionNumber":0,"source":"SOURCE_FREEBSD_DTRACE_CADETS"}'}, 'host': {'name': 'darpatc5-Standard-PC-Q35-ICH9-2009'}}}]}}
08:31:03 ,  09:00:34 ,  *.12.*   1770983 ,  {'took': 1770983, 'timed_out': False, '_shards': {'total': 40, 'successful': 39, 'skipped': 0, 'failed': 1, 'failures': [{'shard': 0, 'index': 'cadets100', 'node': 'FDbB7BWyS0S_YZSPczd8fQ', 'reason': {'type': 'search_context_missing_exception', 'reason': 'No search context found for id [36016]'}}]}, 'hits': {'total': {'value': 10000, 'relation': 'gte'}, 'max_score': 1.0, 'hits': []}}
08:31:03 ,  09:00:34 ,  *asd*12   1770325 ,  {'took': 1770325, 'timed_out': False, '_shards': {'total': 40, 'successful': 40, 'skipped': 0, 'failed': 0}, 'hits': {'total': {'value': 0, 'relation': 'eq'}, 'max_score': None, 'hits': []}}
08:31:03 ,  09:00:34 ,  *fifty*sn*   1770836 ,  {'took': 1770836, 'timed_out': False, '_shards': {'total': 40, 'successful': 40, 'skipped': 0, 'failed': 0}, 'hits': {'total': {'value': 0, 'relation': 'eq'}, 'max_score': None, 'hits': []}}
08:31:03 ,  09:00:34 ,  *choas*   1770823 ,  {'took': 1770823, 'timed_out': False, '_shards': {'total': 40, 'successful': 40, 'skipped': 0, 'failed': 0}, 'hits': {'total': {'value': 0, 'relation': 'eq'}, 'max_score': None, 'hits': []}}
08:31:03 ,  09:00:34 ,  *asd*   1770813 ,  {'took': 1770813, 'timed_out': False, '_shards': {'total': 40, 'successful': 39, 'skipped': 0, 'failed': 1, 'failures': [{'shard': 0, 'index': 'cadets100', 'node': 'FDbB7BWyS0S_YZSPczd8fQ', 'reason': {'type': 'search_context_missing_exception', 'reason': 'No search context found for id [37333]'}}]}, 'hits': {'total': {'value': 3721, 'relation': 'eq'}, 'max_score': 1.0, 'hits': []}}
08:31:03 ,  09:00:34 ,  *sad*   1770807 ,  {'took': 1770807, 'timed_out': False, '_shards': {'total': 40, 'successful': 39, 'skipped': 0, 'failed': 1, 'failures': [{'shard': 0, 'index': 'cadets100', 'node': 'FDbB7BWyS0S_YZSPczd8fQ', 'reason': {'type': 'search_context_missing_exception', 'reason': 'No search context found for id [37353]'}}]}, 'hits': {'total': {'value': 4201, 'relation': 'eq'}, 'max_score': 1.0, 'hits': []}}
08:31:03 ,  09:00:34 ,  sad   1771238 ,  {'took': 1771238, 'timed_out': False, '_shards': {'total': 40, 'successful': 39, 'skipped': 0, 'failed': 1, 'failures': [{'shard': 0, 'index': 'cadets110', 'node': 'FDbB7BWyS0S_YZSPczd8fQ', 'reason': {'type': 'search_context_missing_exception', 'reason': 'No search context found for id [38438]'}}]}, 'hits': {'total': {'value': 3, 'relation': 'eq'}, 'max_score': 12.7896385, 'hits': [{'_index': 'cadets97', '_id': 'nkxHlYQBYB-zs9oxti7s', '_score': 12.7896385, '_ignored': ['event.original.keyword'], '_source': {'@timestamp': '2019-05-16T03:50:22.952Z', 'message': {'datum': {'com.bbn.tc.schema.avro.cdm20.Event': {'predicateObject2': None, 'predicateObject': {'com.bbn.tc.schema.avro.cdm20.UUID': 'A0C59682-0D55-3B54-950D-3CC8D43B664F'}, 'parameters': {'array': [{'provenance': None, 'size': -1, 'name': {'string': 'flags'}, 'tag': None, 'components': None, 'valueBytes': {'bytes': '00'}, 'runtimeDataType': None, 'valueDataType': 'VALUE_DATA_TYPE_INT', 'type': 'VALUE_TYPE_CONTROL', 'isNull': False}, {'provenance': None, 'size': -1, 'name': {'string': 'mode'}, 'tag': None, 'components': None, 'valueBytes': {'bytes': '00'}, 'runtimeDataType': None, 'valueDataType': 'VALUE_DATA_TYPE_INT', 'type': 'VALUE_TYPE_CONTROL', 'isNull': False}]}, 'predicateObject2Path': None, 'threadId': {'int': 100153}, 'location': None, 'type': 'EVENT_OPEN', 'sequence': {'long': 315112276}, 'subject': {'com.bbn.tc.schema.avro.cdm20.UUID': 'A794CE05-778D-11E9-A28B-D4AE52C1DBD3'}, 'names': {'array': ['aue_openat_rwtc']}, 'size': None, 'uuid': 'B89B95A4-A8EE-4409-804F-4E95C1AD1AA9', 'properties': {'map': {'ret_fd1': '6', 'return_value': '6', 'fd': '-100', 'exec': 'pkg', 'ppid': '58832', 'host': 'a3702f4c-5a0c-11e9-b8b9-d4ae52c1dbd3'}}, 'programPoint': None, 'predicateObjectPath': {'string': '/usr/local/share/icons/Adwaita/scalable/emotes/face-sad-symbolic.svg'}, 'timestampNanos': '1557978622952'}}, 'sessionNumber': 0, 'CDMVersion': '20', 'hostId': 'A3702F4C-5A0C-11E9-B8B9-D4AE52C1DBD3', 'type': 'RECORD_EVENT', 'source': 'SOURCE_FREEBSD_DTRACE_CADETS'}, 'log': {'file': {'path': '/home/darpa-tc5/Desktop/Json_data/97/ta1-cadets-1-e5-official-2.bin.97.json'}}, 'event': {'original': '{"datum":{"com.bbn.tc.schema.avro.cdm20.Event":{"uuid":"B89B95A4-A8EE-4409-804F-4E95C1AD1AA9","sequence":{"long":315112276},"type":"EVENT_OPEN","threadId":{"int":100153},"subject":{"com.bbn.tc.schema.avro.cdm20.UUID":"A794CE05-778D-11E9-A28B-D4AE52C1DBD3"},"predicateObject":{"com.bbn.tc.schema.avro.cdm20.UUID":"A0C59682-0D55-3B54-950D-3CC8D43B664F"},"predicateObjectPath":{"string":"/usr/local/share/icons/Adwaita/scalable/emotes/face-sad-symbolic.svg"},"predicateObject2":null,"predicateObject2Path":null,"timestampNanos":1557978622952118971,"names":{"array":["aue_openat_rwtc"]},"parameters":{"array":[{"size":-1,"type":"VALUE_TYPE_CONTROL","valueDataType":"VALUE_DATA_TYPE_INT","isNull":false,"name":{"string":"flags"},"runtimeDataType":null,"valueBytes":{"bytes":"00"},"provenance":null,"tag":null,"components":null},{"size":-1,"type":"VALUE_TYPE_CONTROL","valueDataType":"VALUE_DATA_TYPE_INT","isNull":false,"name":{"string":"mode"},"runtimeDataType":null,"valueBytes":{"bytes":"00"},"provenance":null,"tag":null,"components":null}]},"location":null,"size":null,"programPoint":null,"properties":{"map":{"host":"a3702f4c-5a0c-11e9-b8b9-d4ae52c1dbd3","ret_fd1":"6","return_value":"6","fd":"-100","exec":"pkg","ppid":"58832"}}}},"CDMVersion":"20","type":"RECORD_EVENT","hostId":"A3702F4C-5A0C-11E9-B8B9-D4AE52C1DBD3","sessionNumber":0,"source":"SOURCE_FREEBSD_DTRACE_CADETS"}'}, '@version': '1', 'host': {'name': 'darpatc5-Standard-PC-Q35-ICH9-2009'}}}]}}
08:31:03 ,  09:00:34 ,  *asd*1   1770570 ,  {'took': 1770570, 'timed_out': False, '_shards': {'total': 40, 'successful': 38, 'skipped': 0, 'failed': 2, 'failures': [{'shard': 0, 'index': 'cadets76', 'node': 'FDbB7BWyS0S_YZSPczd8fQ', 'reason': {'type': 'search_context_missing_exception', 'reason': 'No search context found for id [40104]'}}, {'shard': 0, 'index': 'cadets81', 'node': 'FDbB7BWyS0S_YZSPczd8fQ', 'reason': {'type': 'search_context_missing_exception', 'reason': 'No search context found for id [40948]'}}]}, 'hits': {'total': {'value': 4, 'relation': 'eq'}, 'max_score': 1.0, 'hits': []}}
08:31:03 ,  09:00:34 ,  *theao*   1771039 ,  {'took': 1771039, 'timed_out': False, '_shards': {'total': 40, 'successful': 40, 'skipped': 0, 'failed': 0}, 'hits': {'total': {'value': 0, 'relation': 'eq'}, 'max_score': None, 'hits': []}}
08:31:03 ,  09:00:34 ,  *fas*f*g   1770566 ,  {'took': 1770566, 'timed_out': False, '_shards': {'total': 40, 'successful': 39, 'skipped': 0, 'failed': 1, 'failures': [{'shard': 0, 'index': 'cadets88', 'node': 'FDbB7BWyS0S_YZSPczd8fQ', 'reason': {'type': 'search_context_missing_exception', 'reason': 'No search context found for id [41851]'}}]}, 'hits': {'total': {'value': 2, 'relation': 'eq'}, 'max_score': 1.0, 'hits': []}}
08:31:03 ,  09:00:34 ,  *xzc*   1770999 ,  {'took': 1770999, 'timed_out': False, '_shards': {'total': 40, 'successful': 38, 'skipped': 0, 'failed': 2, 'failures': [{'shard': 0, 'index': 'cadets100', 'node': 'FDbB7BWyS0S_YZSPczd8fQ', 'reason': {'type': 'search_context_missing_exception', 'reason': 'No search context found for id [37469]'}}, {'shard': 0, 'index': 'cadets101', 'node': 'FDbB7BWyS0S_YZSPczd8fQ', 'reason': {'type': 'search_context_missing_exception', 'reason': 'No search context found for id [37470]'}}]}, 'hits': {'total': {'value': 183, 'relation': 'eq'}, 'max_score': 1.0, 'hits': []}}
08:31:03 ,  09:00:34 ,  *sda*   1771048 ,  {'took': 1771048, 'timed_out': False, '_shards': {'total': 40, 'successful': 39, 'skipped': 0, 'failed': 1, 'failures': [{'shard': 0, 'index': 'cadets100', 'node': 'FDbB7BWyS0S_YZSPczd8fQ', 'reason': {'type': 'search_context_missing_exception', 'reason': 'No search context found for id [37362]'}}]}, 'hits': {'total': {'value': 5236, 'relation': 'eq'}, 'max_score': 1.0, 'hits': []}}
08:31:03 ,  09:00:34 ,  *asd*   1771014 ,  {'took': 1771014, 'timed_out': False, '_shards': {'total': 40, 'successful': 39, 'skipped': 0, 'failed': 1, 'failures': [{'shard': 0, 'index': 'cadets100', 'node': 'FDbB7BWyS0S_YZSPczd8fQ', 'reason': {'type': 'search_context_missing_exception', 'reason': 'No search context found for id [37430]'}}]}, 'hits': {'total': {'value': 3721, 'relation': 'eq'}, 'max_score': 1.0, 'hits': []}}
08:31:03 ,  09:00:34 ,  *12.dsf*   1771029 ,  {'took': 1771029, 'timed_out': False, '_shards': {'total': 40, 'successful': 40, 'skipped': 0, 'failed': 0}, 'hits': {'total': {'value': 0, 'relation': 'eq'}, 'max_score': None, 'hits': []}}
08:31:03 ,  09:00:34 ,  fassd*   1771055 ,  {'took': 1771055, 'timed_out': False, '_shards': {'total': 40, 'successful': 40, 'skipped': 0, 'failed': 0}, 'hits': {'total': {'value': 0, 'relation': 'eq'}, 'max_score': None, 'hits': []}}
08:31:03 ,  09:00:34 ,  *sdetc*   1771024 ,  {'took': 1771024, 'timed_out': False, '_shards': {'total': 40, 'successful': 40, 'skipped': 0, 'failed': 0}, 'hits': {'total': {'value': 0, 'relation': 'eq'}, 'max_score': None, 'hits': []}}
08:31:03 ,  09:00:34 ,  *vdf64*   1771261 ,  {'took': 1771261, 'timed_out': False, '_shards': {'total': 40, 'successful': 40, 'skipped': 0, 'failed': 0}, 'hits': {'total': {'value': 0, 'relation': 'eq'}, 'max_score': None, 'hits': []}}
08:31:03 ,  09:00:35 ,  *0800*17ab*   1771842 ,  {'took': 1771842, 'timed_out': False, '_shards': {'total': 40, 'successful': 39, 'skipped': 0, 'failed': 1, 'failures': [{'shard': 0, 'index': 'cadets84', 'node': 'FDbB7BWyS0S_YZSPczd8fQ', 'reason': {'type': 'search_context_missing_exception', 'reason': 'No search context found for id [41567]'}}]}, 'hits': {'total': {'value': 2, 'relation': 'eq'}, 'max_score': 1.0, 'hits': [{'_index': 'cadets92', '_id': 'AeB_lIQBYB-zs9oxjuQz', '_score': 1.0, '_ignored': ['event.original.keyword'], '_source': {'@timestamp': '2019-05-15T22:37:28.823Z', 'log': {'file': {'path': '/home/darpa-tc5/Desktop/Json_data/92/ta1-cadets-1-e5-official-2.bin.92_1.json'}}, '@version': '1', 'message': {'CDMVersion': '20', 'sessionNumber': 0, 'source': 'SOURCE_FREEBSD_DTRACE_CADETS', 'hostId': 'CB02303B-654E-11E9-A80C-6C2B597E484C', 'type': 'RECORD_EVENT', 'datum': {'com.bbn.tc.schema.avro.cdm20.Event': {'uuid': '6BC0080F-29D4-4595-A677-B444080017AB', 'location': None, 'predicateObject': {'com.bbn.tc.schema.avro.cdm20.UUID': 'C0E60490-62BE-7B5A-BE62-6F2DBA7BA087'}, 'predicateObject2': None, 'timestampNanos': '1557959848823', 'sequence': {'long': 272151238}, 'type': 'EVENT_WRITE', 'predicateObject2Path': None, 'programPoint': None, 'size': {'long': 17}, 'properties': {'map': {'exec': 'main', 'host': 'cb02303b-654e-11e9-a80c-6c2b597e484c', 'fd': '1', 'ppid': '55691'}}, 'threadId': {'int': 101191}, 'predicateObjectPath': None, 'subject': {'com.bbn.tc.schema.avro.cdm20.UUID': 'AC45BDE7-7761-11E9-B129-6C2B597E484C'}, 'parameters': {'array': []}, 'names': {'array': ['aue_write']}}}}, 'event': {'original': '{"datum":{"com.bbn.tc.schema.avro.cdm20.Event":{"uuid":"6BC0080F-29D4-4595-A677-B444080017AB","sequence":{"long":272151238},"type":"EVENT_WRITE","threadId":{"int":101191},"subject":{"com.bbn.tc.schema.avro.cdm20.UUID":"AC45BDE7-7761-11E9-B129-6C2B597E484C"},"predicateObject":{"com.bbn.tc.schema.avro.cdm20.UUID":"C0E60490-62BE-7B5A-BE62-6F2DBA7BA087"},"predicateObjectPath":null,"predicateObject2":null,"predicateObject2Path":null,"timestampNanos":1557959848823898699,"names":{"array":["aue_write"]},"parameters":{"array":[]},"location":null,"size":{"long":17},"programPoint":null,"properties":{"map":{"host":"cb02303b-654e-11e9-a80c-6c2b597e484c","fd":"1","exec":"main","ppid":"55691"}}}},"CDMVersion":"20","type":"RECORD_EVENT","hostId":"CB02303B-654E-11E9-A80C-6C2B597E484C","sessionNumber":0,"source":"SOURCE_FREEBSD_DTRACE_CADETS"}'}, 'host': {'name': 'darpatc5-Standard-PC-Q35-ICH9-2009'}}}]}}
08:31:03 ,  09:00:35 ,  *fsf*   1771481 ,  {'took': 1771481, 'timed_out': False, '_shards': {'total': 40, 'successful': 39, 'skipped': 0, 'failed': 1, 'failures': [{'shard': 0, 'index': 'cadets100', 'node': 'FDbB7BWyS0S_YZSPczd8fQ', 'reason': {'type': 'search_context_missing_exception', 'reason': 'No search context found for id [37501]'}}]}, 'hits': {'total': {'value': 811, 'relation': 'eq'}, 'max_score': 1.0, 'hits': []}}
08:31:03 ,  09:00:35 ,  *vxcv*   1772005 ,  {'took': 1772005, 'timed_out': False, '_shards': {'total': 40, 'successful': 38, 'skipped': 0, 'failed': 2, 'failures': [{'shard': 0, 'index': 'cadets104', 'node': 'FDbB7BWyS0S_YZSPczd8fQ', 'reason': {'type': 'search_context_missing_exception', 'reason': 'No search context found for id [37462]'}}, {'shard': 0, 'index': 'cadets107', 'node': 'FDbB7BWyS0S_YZSPczd8fQ', 'reason': {'type': 'search_context_missing_exception', 'reason': 'No search context found for id [38313]'}}]}, 'hits': {'total': {'value': 5, 'relation': 'eq'}, 'max_score': 1.0, 'hits': [{'_index': 'cadets97', '_id': 'I7FTlYQBYB-zs9ox9AA3', '_score': 1.0, '_ignored': ['event.original.keyword'], '_source': {'@timestamp': '2019-05-16T04:45:17.534Z', 'message': {'datum': {'com.bbn.tc.schema.avro.cdm20.Event': {'predicateObject2': None, 'predicateObject': {'com.bbn.tc.schema.avro.cdm20.UUID': 'B4C78991-632A-DB51-AA63-B1DD31DB1361'}, 'parameters': {'array': []}, 'predicateObject2Path': None, 'threadId': {'int': 101200}, 'location': None, 'type': 'EVENT_UNLINK', 'sequence': {'long': 321584526}, 'subject': {'com.bbn.tc.schema.avro.cdm20.UUID': '541EA18B-7795-11E9-B41B-D4AE52C1DBD3'}, 'names': {'array': ['aue_unlink']}, 'size': None, 'uuid': '3060B37A-ACE7-4523-A032-B7BA241467A9', 'properties': {'map': {'return_value': '0', 'ppid': '99351', 'host': '3a541941-5b04-11e9-b2db-d4ae52c1dbd3', 'exec': 'make'}}, 'programPoint': None, 'predicateObjectPath': {'string': '/tmp//makeVxCvAc'}, 'timestampNanos': '1557981917534'}}, 'sessionNumber': 0, 'CDMVersion': '20', 'hostId': '3A541941-5B04-11E9-B2DB-D4AE52C1DBD3', 'type': 'RECORD_EVENT', 'source': 'SOURCE_FREEBSD_DTRACE_CADETS'}, 'log': {'file': {'path': '/home/darpa-tc5/Desktop/Json_data/97/ta1-cadets-1-e5-official-2.bin.97_1.json'}}, 'event': {'original': '{"datum":{"com.bbn.tc.schema.avro.cdm20.Event":{"uuid":"3060B37A-ACE7-4523-A032-B7BA241467A9","sequence":{"long":321584526},"type":"EVENT_UNLINK","threadId":{"int":101200},"subject":{"com.bbn.tc.schema.avro.cdm20.UUID":"541EA18B-7795-11E9-B41B-D4AE52C1DBD3"},"predicateObject":{"com.bbn.tc.schema.avro.cdm20.UUID":"B4C78991-632A-DB51-AA63-B1DD31DB1361"},"predicateObjectPath":{"string":"/tmp//makeVxCvAc"},"predicateObject2":null,"predicateObject2Path":null,"timestampNanos":1557981917534255844,"names":{"array":["aue_unlink"]},"parameters":{"array":[]},"location":null,"size":null,"programPoint":null,"properties":{"map":{"host":"3a541941-5b04-11e9-b2db-d4ae52c1dbd3","return_value":"0","exec":"make","ppid":"99351"}}}},"CDMVersion":"20","type":"RECORD_EVENT","hostId":"3A541941-5B04-11E9-B2DB-D4AE52C1DBD3","sessionNumber":0,"source":"SOURCE_FREEBSD_DTRACE_CADETS"}'}, '@version': '1', 'host': {'name': 'darpatc5-Standard-PC-Q35-ICH9-2009'}}}, {'_index': 'cadets97', '_id': 'ILFTlYQBYB-zs9ox9AA3', '_score': 1.0, '_ignored': ['event.original.keyword'], '_source': {'@timestamp': '2019-05-16T04:45:17.524Z', 'message': {'datum': {'com.bbn.tc.schema.avro.cdm20.Event': {'predicateObject2': None, 'predicateObject': {'com.bbn.tc.schema.avro.cdm20.UUID': 'B4C78991-632A-DB51-AA63-B1DD31DB1361'}, 'parameters': {'array': [{'provenance': None, 'size': -1, 'name': {'string': 'flags'}, 'tag': None, 'components': None, 'valueBytes': {'bytes': '0A02'}, 'runtimeDataType': None, 'valueDataType': 'VALUE_DATA_TYPE_INT', 'type': 'VALUE_TYPE_CONTROL', 'isNull': False}, {'provenance': None, 'size': -1, 'name': {'string': 'mode'}, 'tag': None, 'components': None, 'valueBytes': {'bytes': '0180'}, 'runtimeDataType': None, 'valueDataType': 'VALUE_DATA_TYPE_INT', 'type': 'VALUE_TYPE_CONTROL', 'isNull': False}]}, 'predicateObject2Path': None, 'threadId': {'int': 101200}, 'location': None, 'type': 'EVENT_OPEN', 'sequence': {'long': 321584523}, 'subject': {'com.bbn.tc.schema.avro.cdm20.UUID': '541EA18B-7795-11E9-B41B-D4AE52C1DBD3'}, 'names': {'array': ['aue_open_rwtc']}, 'size': None, 'uuid': '23E8DA7A-6579-416B-BFC4-775C35CDF9C7', 'properties': {'map': {'ret_fd1': '4', 'return_value': '4', 'ppid': '99351', 'host': '3a541941-5b04-11e9-b2db-d4ae52c1dbd3', 'exec': 'make'}}, 'programPoint': None, 'predicateObjectPath': {'string': '/tmp//makeVxCvAc'}, 'timestampNanos': '1557981917524'}}, 'sessionNumber': 0, 'CDMVersion': '20', 'hostId': '3A541941-5B04-11E9-B2DB-D4AE52C1DBD3', 'type': 'RECORD_EVENT', 'source': 'SOURCE_FREEBSD_DTRACE_CADETS'}, 'log': {'file': {'path': '/home/darpa-tc5/Desktop/Json_data/97/ta1-cadets-1-e5-official-2.bin.97_1.json'}}, 'event': {'original': '{"datum":{"com.bbn.tc.schema.avro.cdm20.Event":{"uuid":"23E8DA7A-6579-416B-BFC4-775C35CDF9C7","sequence":{"long":321584523},"type":"EVENT_OPEN","threadId":{"int":101200},"subject":{"com.bbn.tc.schema.avro.cdm20.UUID":"541EA18B-7795-11E9-B41B-D4AE52C1DBD3"},"predicateObject":{"com.bbn.tc.schema.avro.cdm20.UUID":"B4C78991-632A-DB51-AA63-B1DD31DB1361"},"predicateObjectPath":{"string":"/tmp//makeVxCvAc"},"predicateObject2":null,"predicateObject2Path":null,"timestampNanos":1557981917524638432,"names":{"array":["aue_open_rwtc"]},"parameters":{"array":[{"size":-1,"type":"VALUE_TYPE_CONTROL","valueDataType":"VALUE_DATA_TYPE_INT","isNull":false,"name":{"string":"flags"},"runtimeDataType":null,"valueBytes":{"bytes":"0A02"},"provenance":null,"tag":null,"components":null},{"size":-1,"type":"VALUE_TYPE_CONTROL","valueDataType":"VALUE_DATA_TYPE_INT","isNull":false,"name":{"string":"mode"},"runtimeDataType":null,"valueBytes":{"bytes":"0180"},"provenance":null,"tag":null,"components":null}]},"location":null,"size":null,"programPoint":null,"properties":{"map":{"host":"3a541941-5b04-11e9-b2db-d4ae52c1dbd3","ret_fd1":"4","return_value":"4","exec":"make","ppid":"99351"}}}},"CDMVersion":"20","type":"RECORD_EVENT","hostId":"3A541941-5B04-11E9-B2DB-D4AE52C1DBD3","sessionNumber":0,"source":"SOURCE_FREEBSD_DTRACE_CADETS"}'}, '@version': '1', 'host': {'name': 'darpatc5-Standard-PC-Q35-ICH9-2009'}}}]}}
08:31:03 ,  09:00:35 ,  *.12.*.a*   1771717 ,  {'took': 1771717, 'timed_out': False, '_shards': {'total': 40, 'successful': 40, 'skipped': 0, 'failed': 0}, 'hits': {'total': {'value': 0, 'relation': 'eq'}, 'max_score': None, 'hits': []}}
08:31:03 ,  09:00:35 ,  *phon*ne   1772611 ,  {'took': 1772611, 'timed_out': False, '_shards': {'total': 40, 'successful': 40, 'skipped': 0, 'failed': 0}, 'hits': {'total': {'value': 0, 'relation': 'eq'}, 'max_score': None, 'hits': []}}
08:31:03 ,  09:00:36 ,  *d*as*   1772643 ,  {'took': 1772643, 'timed_out': False, '_shards': {'total': 40, 'successful': 39, 'skipped': 0, 'failed': 1, 'failures': [{'shard': 0, 'index': 'cadets100', 'node': 'FDbB7BWyS0S_YZSPczd8fQ', 'reason': {'type': 'search_context_missing_exception', 'reason': 'No search context found for id [37323]'}}]}, 'hits': {'total': {'value': 10000, 'relation': 'gte'}, 'max_score': 1.0, 'hits': []}}
08:31:03 ,  09:00:36 ,  *fnds*   1772200 ,  {'took': 1772200, 'timed_out': False, '_shards': {'total': 40, 'successful': 39, 'skipped': 0, 'failed': 1, 'failures': [{'shard': 0, 'index': 'cadets77', 'node': 'FDbB7BWyS0S_YZSPczd8fQ', 'reason': {'type': 'search_context_missing_exception', 'reason': 'No search context found for id [40146]'}}]}, 'hits': {'total': {'value': 6, 'relation': 'eq'}, 'max_score': 1.0, 'hits': [{'_index': 'cadets93', '_id': 'lGqqlIQBYB-zs9oxPqwf', '_score': 1.0, '_ignored': ['event.original.keyword'], '_source': {'event': {'original': '{"datum":{"com.bbn.tc.schema.avro.cdm20.Event":{"uuid":"5B95A383-2B6F-4E82-8823-F0EAB730C765","sequence":{"long":280990201},"type":"EVENT_OPEN","threadId":{"int":101184},"subject":{"com.bbn.tc.schema.avro.cdm20.UUID":"1BFA9C3B-776A-11E9-B129-6C2B597E484C"},"predicateObject":{"com.bbn.tc.schema.avro.cdm20.UUID":"13D8F539-BF7C-EA53-BCBF-61C013EAB740"},"predicateObjectPath":{"string":"/tmp//makeFNdSsi"},"predicateObject2":null,"predicateObject2Path":null,"timestampNanos":1557963346253783482,"names":{"array":["aue_open_rwtc"]},"parameters":{"array":[{"size":-1,"type":"VALUE_TYPE_CONTROL","valueDataType":"VALUE_DATA_TYPE_INT","isNull":false,"name":{"string":"flags"},"runtimeDataType":null,"valueBytes":{"bytes":"0A02"},"provenance":null,"tag":null,"components":null},{"size":-1,"type":"VALUE_TYPE_CONTROL","valueDataType":"VALUE_DATA_TYPE_INT","isNull":false,"name":{"string":"mode"},"runtimeDataType":null,"valueBytes":{"bytes":"0180"},"provenance":null,"tag":null,"components":null}]},"location":null,"size":null,"programPoint":null,"properties":{"map":{"host":"cb02303b-654e-11e9-a80c-6c2b597e484c","ret_fd1":"4","return_value":"4","exec":"make","ppid":"95575"}}}},"CDMVersion":"20","type":"RECORD_EVENT","hostId":"CB02303B-654E-11E9-A80C-6C2B597E484C","sessionNumber":0,"source":"SOURCE_FREEBSD_DTRACE_CADETS"}'}, 'message': {'hostId': 'CB02303B-654E-11E9-A80C-6C2B597E484C', 'CDMVersion': '20', 'sessionNumber': 0, 'type': 'RECORD_EVENT', 'datum': {'com.bbn.tc.schema.avro.cdm20.Event': {'names': {'array': ['aue_open_rwtc']}, 'parameters': {'array': [{'valueBytes': {'bytes': '0A02'}, 'size': -1, 'valueDataType': 'VALUE_DATA_TYPE_INT', 'name': {'string': 'flags'}, 'isNull': False, 'provenance': None, 'runtimeDataType': None, 'tag': None, 'components': None, 'type': 'VALUE_TYPE_CONTROL'}, {'valueBytes': {'bytes': '0180'}, 'size': -1, 'valueDataType': 'VALUE_DATA_TYPE_INT', 'name': {'string': 'mode'}, 'isNull': False, 'provenance': None, 'runtimeDataType': None, 'tag': None, 'components': None, 'type': 'VALUE_TYPE_CONTROL'}]}, 'predicateObject': {'com.bbn.tc.schema.avro.cdm20.UUID': '13D8F539-BF7C-EA53-BCBF-61C013EAB740'}, 'threadId': {'int': 101184}, 'timestampNanos': '1557963346253', 'programPoint': None, 'subject': {'com.bbn.tc.schema.avro.cdm20.UUID': '1BFA9C3B-776A-11E9-B129-6C2B597E484C'}, 'predicateObject2': None, 'type': 'EVENT_OPEN', 'uuid': '5B95A383-2B6F-4E82-8823-F0EAB730C765', 'size': None, 'properties': {'map': {'ret_fd1': '4', 'return_value': '4', 'exec': 'make', 'host': 'cb02303b-654e-11e9-a80c-6c2b597e484c', 'ppid': '95575'}}, 'sequence': {'long': 280990201}, 'location': None, 'predicateObjectPath': {'string': '/tmp//makeFNdSsi'}, 'predicateObject2Path': None}}, 'source': 'SOURCE_FREEBSD_DTRACE_CADETS'}, 'log': {'file': {'path': '/home/darpa-tc5/Desktop/Json_data/93/ta1-cadets-1-e5-official-2.bin.93_1.json'}}, 'host': {'name': 'darpatc5-Standard-PC-Q35-ICH9-2009'}, '@timestamp': '2019-05-15T23:35:46.253Z', '@version': '1'}}, {'_index': 'cadets93', '_id': 'omqqlIQBYB-zs9oxPqwf', '_score': 1.0, '_ignored': ['event.original.keyword'], '_source': {'event': {'original': '{"datum":{"com.bbn.tc.schema.avro.cdm20.Event":{"uuid":"E1721931-B7EC-4A24-BBC9-457A75F2DCCE","sequence":{"long":280990214},"type":"EVENT_UNLINK","threadId":{"int":101184},"subject":{"com.bbn.tc.schema.avro.cdm20.UUID":"1BFA9C3B-776A-11E9-B129-6C2B597E484C"},"predicateObject":{"com.bbn.tc.schema.avro.cdm20.UUID":"13D8F539-BF7C-EA53-BCBF-61C013EAB740"},"predicateObjectPath":{"string":"/tmp//makeFNdSsi"},"predicateObject2":null,"predicateObject2Path":null,"timestampNanos":1557963346263739427,"names":{"array":["aue_unlink"]},"parameters":{"array":[]},"location":null,"size":null,"programPoint":null,"properties":{"map":{"host":"cb02303b-654e-11e9-a80c-6c2b597e484c","return_value":"0","exec":"make","ppid":"95575"}}}},"CDMVersion":"20","type":"RECORD_EVENT","hostId":"CB02303B-654E-11E9-A80C-6C2B597E484C","sessionNumber":0,"source":"SOURCE_FREEBSD_DTRACE_CADETS"}'}, 'message': {'hostId': 'CB02303B-654E-11E9-A80C-6C2B597E484C', 'CDMVersion': '20', 'sessionNumber': 0, 'type': 'RECORD_EVENT', 'datum': {'com.bbn.tc.schema.avro.cdm20.Event': {'names': {'array': ['aue_unlink']}, 'parameters': {'array': []}, 'predicateObject': {'com.bbn.tc.schema.avro.cdm20.UUID': '13D8F539-BF7C-EA53-BCBF-61C013EAB740'}, 'threadId': {'int': 101184}, 'timestampNanos': '1557963346263', 'programPoint': None, 'subject': {'com.bbn.tc.schema.avro.cdm20.UUID': '1BFA9C3B-776A-11E9-B129-6C2B597E484C'}, 'predicateObject2': None, 'type': 'EVENT_UNLINK', 'uuid': 'E1721931-B7EC-4A24-BBC9-457A75F2DCCE', 'size': None, 'properties': {'map': {'return_value': '0', 'exec': 'make', 'host': 'cb02303b-654e-11e9-a80c-6c2b597e484c', 'ppid': '95575'}}, 'sequence': {'long': 280990214}, 'location': None, 'predicateObjectPath': {'string': '/tmp//makeFNdSsi'}, 'predicateObject2Path': None}}, 'source': 'SOURCE_FREEBSD_DTRACE_CADETS'}, 'log': {'file': {'path': '/home/darpa-tc5/Desktop/Json_data/93/ta1-cadets-1-e5-official-2.bin.93_1.json'}}, 'host': {'name': 'darpatc5-Standard-PC-Q35-ICH9-2009'}, '@timestamp': '2019-05-15T23:35:46.263Z', '@version': '1'}}, {'_index': 'cadets94', '_id': 'OtvskYQBYB-zs9ox4cQ_', '_score': 1.0, '_ignored': ['event.original.keyword'], '_source': {'@timestamp': '2019-05-16T00:32:01.044Z', 'log': {'file': {'path': '/home/darpa-tc5/Desktop/Json_data/94/ta1-cadets-1-e5-official-2.bin.94.json'}}, 'event': {'original': '{"datum":{"com.bbn.tc.schema.avro.cdm20.Event":{"uuid":"F7747B53-3ED1-4CB9-A69C-D4BEC66040D5","sequence":{"long":287947100},"type":"EVENT_OPEN","threadId":{"int":101189},"subject":{"com.bbn.tc.schema.avro.cdm20.UUID":"F3C0D97B-7771-11E9-B41B-D4AE52C1DBD3"},"predicateObject":{"com.bbn.tc.schema.avro.cdm20.UUID":"A80D1AD2-3B10-E052-903B-ACDA32E03E2E"},"predicateObjectPath":{"string":"/tmp//makefnDsdr"},"predicateObject2":null,"predicateObject2Path":null,"timestampNanos":1557966721044832075,"names":{"array":["aue_open_rwtc"]},"parameters":{"array":[{"size":-1,"type":"VALUE_TYPE_CONTROL","valueDataType":"VALUE_DATA_TYPE_INT","isNull":false,"name":{"string":"flags"},"runtimeDataType":null,"valueBytes":{"bytes":"0A02"},"provenance":null,"tag":null,"components":null},{"size":-1,"type":"VALUE_TYPE_CONTROL","valueDataType":"VALUE_DATA_TYPE_INT","isNull":false,"name":{"string":"mode"},"runtimeDataType":null,"valueBytes":{"bytes":"0180"},"provenance":null,"tag":null,"components":null}]},"location":null,"size":null,"programPoint":null,"properties":{"map":{"host":"3a541941-5b04-11e9-b2db-d4ae52c1dbd3","ret_fd1":"4","return_value":"4","exec":"make","ppid":"90141"}}}},"CDMVersion":"20","type":"RECORD_EVENT","hostId":"3A541941-5B04-11E9-B2DB-D4AE52C1DBD3","sessionNumber":0,"source":"SOURCE_FREEBSD_DTRACE_CADETS"}'}, 'message': {'source': 'SOURCE_FREEBSD_DTRACE_CADETS', 'hostId': '3A541941-5B04-11E9-B2DB-D4AE52C1DBD3', 'CDMVersion': '20', 'datum': {'com.bbn.tc.schema.avro.cdm20.Event': {'timestampNanos': '1557966721044', 'sequence': {'long': 287947100}, 'type': 'EVENT_OPEN', 'parameters': {'array': [{'valueDataType': 'VALUE_DATA_TYPE_INT', 'size': -1, 'name': {'string': 'flags'}, 'isNull': False, 'valueBytes': {'bytes': '0A02'}, 'tag': None, 'provenance': None, 'type': 'VALUE_TYPE_CONTROL', 'runtimeDataType': None, 'components': None}, {'valueDataType': 'VALUE_DATA_TYPE_INT', 'size': -1, 'name': {'string': 'mode'}, 'isNull': False, 'valueBytes': {'bytes': '0180'}, 'tag': None, 'provenance': None, 'type': 'VALUE_TYPE_CONTROL', 'runtimeDataType': None, 'components': None}]}, 'location': None, 'programPoint': None, 'uuid': 'F7747B53-3ED1-4CB9-A69C-D4BEC66040D5', 'size': None, 'threadId': {'int': 101189}, 'subject': {'com.bbn.tc.schema.avro.cdm20.UUID': 'F3C0D97B-7771-11E9-B41B-D4AE52C1DBD3'}, 'properties': {'map': {'ppid': '90141', 'ret_fd1': '4', 'return_value': '4', 'host': '3a541941-5b04-11e9-b2db-d4ae52c1dbd3', 'exec': 'make'}}, 'names': {'array': ['aue_open_rwtc']}, 'predicateObject': {'com.bbn.tc.schema.avro.cdm20.UUID': 'A80D1AD2-3B10-E052-903B-ACDA32E03E2E'}, 'predicateObjectPath': {'string': '/tmp//makefnDsdr'}, 'predicateObject2': None, 'predicateObject2Path': None}}, 'type': 'RECORD_EVENT', 'sessionNumber': 0}, '@version': '1', 'host': {'name': 'darpatc5-Standard-PC-Q35-ICH9-2009'}}}, {'_index': 'cadets94', '_id': 'PNvskYQBYB-zs9ox4cQ_', '_score': 1.0, '_ignored': ['event.original.keyword'], '_source': {'@timestamp': '2019-05-16T00:32:01.044Z', 'log': {'file': {'path': '/home/darpa-tc5/Desktop/Json_data/94/ta1-cadets-1-e5-official-2.bin.94.json'}}, 'event': {'original': '{"datum":{"com.bbn.tc.schema.avro.cdm20.Event":{"uuid":"8C846F15-C238-4776-8EEA-766520C79525","sequence":{"long":287947102},"type":"EVENT_UNLINK","threadId":{"int":101189},"subject":{"com.bbn.tc.schema.avro.cdm20.UUID":"F3C0D97B-7771-11E9-B41B-D4AE52C1DBD3"},"predicateObject":{"com.bbn.tc.schema.avro.cdm20.UUID":"A80D1AD2-3B10-E052-903B-ACDA32E03E2E"},"predicateObjectPath":{"string":"/tmp//makefnDsdr"},"predicateObject2":null,"predicateObject2Path":null,"timestampNanos":1557966721044832075,"names":{"array":["aue_unlink"]},"parameters":{"array":[]},"location":null,"size":null,"programPoint":null,"properties":{"map":{"host":"3a541941-5b04-11e9-b2db-d4ae52c1dbd3","return_value":"0","exec":"make","ppid":"90141"}}}},"CDMVersion":"20","type":"RECORD_EVENT","hostId":"3A541941-5B04-11E9-B2DB-D4AE52C1DBD3","sessionNumber":0,"source":"SOURCE_FREEBSD_DTRACE_CADETS"}'}, 'message': {'source': 'SOURCE_FREEBSD_DTRACE_CADETS', 'hostId': '3A541941-5B04-11E9-B2DB-D4AE52C1DBD3', 'CDMVersion': '20', 'datum': {'com.bbn.tc.schema.avro.cdm20.Event': {'timestampNanos': '1557966721044', 'sequence': {'long': 287947102}, 'type': 'EVENT_UNLINK', 'parameters': {'array': []}, 'location': None, 'programPoint': None, 'uuid': '8C846F15-C238-4776-8EEA-766520C79525', 'size': None, 'threadId': {'int': 101189}, 'subject': {'com.bbn.tc.schema.avro.cdm20.UUID': 'F3C0D97B-7771-11E9-B41B-D4AE52C1DBD3'}, 'properties': {'map': {'ppid': '90141', 'return_value': '0', 'host': '3a541941-5b04-11e9-b2db-d4ae52c1dbd3', 'exec': 'make'}}, 'names': {'array': ['aue_unlink']}, 'predicateObject': {'com.bbn.tc.schema.avro.cdm20.UUID': 'A80D1AD2-3B10-E052-903B-ACDA32E03E2E'}, 'predicateObjectPath': {'string': '/tmp//makefnDsdr'}, 'predicateObject2': None, 'predicateObject2Path': None}}, 'type': 'RECORD_EVENT', 'sessionNumber': 0}, '@version': '1', 'host': {'name': 'darpatc5-Standard-PC-Q35-ICH9-2009'}}}]}}
08:31:03 ,  09:00:36 ,  *ss*asd*h*   1772432 ,  {'took': 1772432, 'timed_out': False, '_shards': {'total': 40, 'successful': 40, 'skipped': 0, 'failed': 0}, 'hits': {'total': {'value': 0, 'relation': 'eq'}, 'max_score': None, 'hits': []}}
08:31:03 ,  09:00:36 ,  *fas*sn*   1772813 ,  {'took': 1772813, 'timed_out': False, '_shards': {'total': 40, 'successful': 39, 'skipped': 0, 'failed': 1, 'failures': [{'shard': 0, 'index': 'cadets100', 'node': 'FDbB7BWyS0S_YZSPczd8fQ', 'reason': {'type': 'search_context_missing_exception', 'reason': 'No search context found for id [37591]'}}]}, 'hits': {'total': {'value': 834, 'relation': 'eq'}, 'max_score': 1.0, 'hits': []}}
08:31:03 ,  09:00:36 ,  *ha*   1773488 ,  {'took': 1773488, 'timed_out': False, '_shards': {'total': 40, 'successful': 39, 'skipped': 0, 'failed': 1, 'failures': [{'shard': 0, 'index': 'cadets100', 'node': 'FDbB7BWyS0S_YZSPczd8fQ', 'reason': {'type': 'search_context_missing_exception', 'reason': 'No search context found for id [37115]'}}]}, 'hits': {'total': {'value': 10000, 'relation': 'gte'}, 'max_score': 1.0, 'hits': []}}
08:31:03 ,  09:00:37 ,  *12sc*sad*   1773290 ,  {'took': 1773290, 'timed_out': False, '_shards': {'total': 40, 'successful': 40, 'skipped': 0, 'failed': 0}, 'hits': {'total': {'value': 0, 'relation': 'eq'}, 'max_score': None, 'hits': []}}
08:31:03 ,  09:00:38 ,  *7&*8axza*   1774658 ,  {'took': 1774658, 'timed_out': False, '_shards': {'total': 40, 'successful': 40, 'skipped': 0, 'failed': 0}, 'hits': {'total': {'value': 0, 'relation': 'eq'}, 'max_score': None, 'hits': []}}
08:31:03 ,  09:00:42 ,  *dms*   1778541 ,  {'took': 1778541, 'timed_out': False, '_shards': {'total': 40, 'successful': 39, 'skipped': 0, 'failed': 1, 'failures': [{'shard': 0, 'index': 'cadets100', 'node': 'FDbB7BWyS0S_YZSPczd8fQ', 'reason': {'type': 'search_context_missing_exception', 'reason': 'No search context found for id [37536]'}}]}, 'hits': {'total': {'value': 10000, 'relation': 'gte'}, 'max_score': 1.0, 'hits': []}}
08:31:03 ,  09:01:31 ,  *e//ect*   1827672 ,  {'took': 1827672, 'timed_out': False, '_shards': {'total': 40, 'successful': 39, 'skipped': 0, 'failed': 1, 'failures': [{'shard': 0, 'index': 'cadets100', 'node': 'FDbB7BWyS0S_YZSPczd8fQ', 'reason': {'type': 'search_context_missing_exception', 'reason': 'No search context found for id [37388]'}}]}, 'hits': {'total': {'value': 10000, 'relation': 'gte'}, 'max_score': 2.0, 'hits': []}}
08:31:03 ,  09:01:31 ,  *ad*   1827729 ,  {'took': 1827729, 'timed_out': False, '_shards': {'total': 40, 'successful': 39, 'skipped': 0, 'failed': 1, 'failures': [{'shard': 0, 'index': 'cadets100', 'node': 'FDbB7BWyS0S_YZSPczd8fQ', 'reason': {'type': 'search_context_missing_exception', 'reason': 'No search context found for id [37348]'}}]}, 'hits': {'total': {'value': 10000, 'relation': 'gte'}, 'max_score': 1.0, 'hits': []}}
15:27:23 ,  15:44:28 ,  *.12.59   1025016 ,  {'took': 1025016, 'timed_out': False, '_shards': {'total': 40, 'successful': 39, 'skipped': 0, 'failed': 1, 'failures': [{'shard': 0, 'index': 'cadets105', 'node': 'FDbB7BWyS0S_YZSPczd8fQ', 'reason': {'type': 'search_context_missing_exception', 'reason': 'No search context found for id [84455]'}}]}, 'hits': {'total': {'value': 2, 'relation': 'eq'}, 'max_score': 1.0, 'hits': [{'_index': 'cadets90', '_id': 'BITRkYQBYB-zs9ox_M2F', '_score': 1.0, '_ignored': ['event.original.keyword'], '_source': {'@version': '1', 'log': {'file': {'path': '/home/darpa-tc5/Desktop/Json_data/90/ta1-cadets-1-e5-official-2.bin.90_1.json'}}, 'message': {'source': 'SOURCE_FREEBSD_DTRACE_CADETS', 'datum': {'com.bbn.tc.schema.avro.cdm20.NetFlowObject': {'ipProtocol': None, 'fileDescriptor': None, 'remoteAddress': {'string': '128.55.12.59'}, 'initTcpSeqNum': None, 'localPort': {'int': 12939}, 'uuid': '5F8A3B5F-774B-11E9-B41B-D4AE52C1DBD3', 'baseObject': {'properties': {'map': {}}, 'epoch': None, 'permission': None}, 'localAddress': {'string': '128.55.12.75'}, 'remotePort': {'int': 9094}}}, 'hostId': '3A541941-5B04-11E9-B2DB-D4AE52C1DBD3', 'sessionNumber': 0, 'type': 'RECORD_NET_FLOW_OBJECT', 'CDMVersion': '20'}, 'event': {'original': '{"datum":{"com.bbn.tc.schema.avro.cdm20.NetFlowObject":{"uuid":"5F8A3B5F-774B-11E9-B41B-D4AE52C1DBD3","baseObject":{"permission":null,"epoch":null,"properties":{"map":{}}},"localAddress":{"string":"128.55.12.75"},"localPort":{"int":12939},"remoteAddress":{"string":"128.55.12.59"},"remotePort":{"int":9094},"ipProtocol":null,"initTcpSeqNum":null,"fileDescriptor":null}},"CDMVersion":"20","type":"RECORD_NET_FLOW_OBJECT","hostId":"3A541941-5B04-11E9-B2DB-D4AE52C1DBD3","sessionNumber":0,"source":"SOURCE_FREEBSD_DTRACE_CADETS"}'}, 'host': {'name': 'darpatc5-Standard-PC-Q35-ICH9-2009'}, '@timestamp': '2022-11-19T21:36:06.188995500Z'}}]}}
